name,email,address,date_of_birth
Jamie Taylor,iweaver@example.org,"USNV Thompson
FPO AA 09292",1970-05-29
Jennifer Reed,margaretvilla@example.com,"460 Houston Alley
South Micheleborough, GU 88359",1976-05-22
Jenna Wright,alexis97@example.net,"49574 Lewis Garden Apt. 494
West Sonya, FM 12231",1963-09-25
Jasmine Campos,michaelhughes@example.org,"3879 Ellis Pike Apt. 117
Jakeborough, ND 21296",1961-05-05
Alex Hernandez,lisa31@example.org,"9142 Harris Fields
Caseyfurt, GU 07310",1983-08-07
Kyle Mcdonald,millermatthew@example.com,"54801 Gibson Plaza Apt. 430
Ruthfort, CA 36454",1967-11-26
Steven Ortiz,agibson@example.org,"52890 Randy Grove Apt. 412
Zacharyberg, GA 07479",1994-10-17
Nicole Lucero,erinfowler@example.com,"590 Ruiz Garden Apt. 999
Patriciaville, SD 33657",1969-07-24
David Morris,schneiderlauren@example.org,"3854 Morales Ports
Lake Ernest, FL 38472",1990-02-04
Martin Perkins,candacemack@example.net,"724 Justin Drive
Robertfurt, SD 83541",2003-08-16
Russell Reed,michaelfernandez@example.com,"963 Kim Crossroad
New Seth, GU 74934",1992-05-19
Mark Smith,vwhite@example.org,"56688 Kent Estate
Jacksonside, TX 58757",1972-04-19
Sonia Taylor,qbush@example.com,"01077 Collins Flats
Franklintown, NH 25532",1998-11-17
William Hall,doyleangela@example.net,"705 Jessica Glens
Vazquezmouth, VA 82763",2001-09-24
Toni Mcguire,dixonjoshua@example.com,"USS Smith
FPO AE 37085",2001-06-04
Abigail Friedman,ganderson@example.org,"USS Houston
FPO AA 91530",1963-08-19
Kelsey Clark,tiffany98@example.net,"2170 Harding Parkway Apt. 769
Austinstad, ID 06584",1997-02-03
Courtney Clements,ncruz@example.com,"785 Young Forges
South Dorothy, AZ 17969",1982-11-12
Amanda Ward,leekarl@example.com,"8020 Huang Place
Lake Diane, LA 10440",1998-11-01
Michael Ramirez,brandondavis@example.org,"97064 Foster Trail Suite 389
South Monicamouth, MP 11083",1959-05-04
Melissa Hubbard,anthonyclarke@example.net,"98599 Hunt Prairie
Melissamouth, LA 16323",1973-05-06
Margaret Blake,corybrown@example.org,"640 Cassidy Isle Suite 065
West Debra, SC 20721",1985-04-03
Kenneth Wolf,ymoss@example.net,"9968 Wood Freeway
Hensleyberg, ND 51576",1983-11-06
Tracy Moore,oconnellwilliam@example.net,"20658 Mckinney Mountain Suite 877
New Brandon, NY 97700",1958-07-31
Lisa Ward,kimberly37@example.net,"16116 Mccormick Ferry
Jessicaport, KS 29214",1962-06-17
John Wright,imcgrath@example.com,"294 Michael Burg Suite 026
Fryshire, ME 82088",1966-09-23
Sheila Odom,torresdenise@example.org,"909 White Plain Apt. 011
Lewischester, HI 60822",1988-09-07
Ann Silva,bmay@example.com,"32353 Miller Lake
West Connieport, IN 09182",1980-09-01
Brian Morgan,stephanie76@example.org,"Unit 5137 Box 4679
DPO AE 38452",1993-05-01
Brian Stephens,caindawn@example.org,"15369 Robert Knoll Apt. 294
Jameschester, VI 61557",1994-11-13
Raymond Proctor,andreaholland@example.net,"7138 Jill Ways
Shepherdton, SD 63293",1964-11-24
Jonathan Rodriguez,mcase@example.org,"99922 Denise Manors
North Daniel, OH 81144",1993-06-10
Andrew Gonzalez,kennedyjordan@example.net,"952 Dean Manor Apt. 503
North Lisa, AL 83160",1960-06-09
Cynthia Mendez,mason03@example.com,"059 Natasha Field Suite 244
East Bernardbury, DE 61333",2002-06-05
Robert Cook,amanda02@example.net,"289 Laura Meadow Suite 646
South Tina, AL 70541",1968-04-30
Brett Davis,briancampbell@example.org,"98540 Scott Harbor
Delgadoborough, RI 55617",1976-09-07
Brandon Neal,kenneth77@example.org,"7224 Howell Extensions Apt. 692
Smithview, VI 44083",1979-07-14
Patrick Mooney,bdominguez@example.org,"422 Scott Alley Suite 421
Ashleyburgh, NC 81525",1981-07-29
Joshua Tucker,hbarber@example.com,"4040 Becker Mountain Apt. 813
New James, OH 04213",1972-05-29
Jason Anderson,barbaraking@example.com,"571 Colleen Cove Suite 530
North Jonathan, NJ 86665",1977-03-27
Anthony Elliott,kylereyes@example.net,"9129 Jason Alley Apt. 386
Walkerport, RI 65535",1969-09-01
Emma Williams,bergergordon@example.com,"68874 Julie Forest Suite 515
East Sherrystad, AL 98723",1995-12-16
Patricia Mccullough,joshua59@example.com,"01981 Acosta Bridge Apt. 774
East Evan, NY 59625",1989-05-31
Laura Brown,ewhitehead@example.com,"836 Janet Bypass Apt. 719
West Jonathanville, VI 05832",1962-04-27
Keith Jenkins,michael80@example.org,"85945 Thompson Squares Apt. 200
Stephensmouth, AK 04333",1996-05-13
Patricia Graves,cardenasjohnny@example.net,"04414 Jones Row
Thompsonchester, VT 60361",1990-02-13
Wayne Rodriguez,kaitlinfarmer@example.com,"24620 Matthews Center Apt. 481
East Ericville, ND 01179",1977-11-22
David Smith,nicolecarter@example.net,"858 Hoffman Path Suite 162
New Karenburgh, IA 43464",1969-07-27
Richard Erickson,davidadams@example.com,"37980 Alexander Orchard
Rodriguezburgh, VT 44334",1962-02-18
Lucas Ramos,pmoore@example.org,"Unit 7481 Box 3303
DPO AA 53249",1962-06-27
