name,country,address,date_of_birth,email
Jordan Freeman,Northern Mariana Islands,"8953 Gray Fork Suite 190
Lake Suzanneshire, MS 83107",1959-11-19,johnsongordon@example.net
Amanda Glass,Paraguay,"7804 Megan Course
Anthonyberg, PW 93241",1959-11-05,driley@example.com
Joshua Cortez,Solomon Islands,"034 Bradley Knoll
Meyerport, IN 44199",1991-10-26,zgonzalez@example.net
Michelle Reyes,Kiribati,"63598 Horn Mill Apt. 814
South Emily, MT 17964",1986-01-04,williamscharles@example.com
Tina Young,Saint Pierre and Miquelon,"0910 Ritter Motorway Apt. 650
Fergusonview, IL 77026",1999-06-04,josephmiller@example.org
Sandra Hunter,Turks and Caicos Islands,"19018 Bishop Forges Suite 299
Rosechester, SD 84626",1964-12-14,hardinsusan@example.com
Raymond Barber,Turkmenistan,"030 Larry Stravenue Apt. 893
South Heidi, KY 79607",1998-02-27,emily71@example.com
Heather Hall,Korea,"28841 Dwayne Cove
Valeriefurt, CA 02645",1991-04-12,ksoto@example.com
Katherine Hurst,Brazil,"120 Flowers Ford
Sarahbury, CA 23108",1993-10-30,hoganjill@example.net
Crystal Randall,Japan,"97228 Amber Radial
Colemanhaven, KY 45668",1968-02-02,jamesandrade@example.com
Thomas Fox,British Indian Ocean Territory (Chagos Archipelago),"75303 Henry Lake
Port Hannah, PW 28678",1991-08-03,taylorjacqueline@example.org
Jeffrey Mccarty,Cayman Islands,"02719 Morrison Grove
West Marissa, MS 08420",1982-07-09,collinsgrant@example.org
Jacob Brown,Guernsey,"94806 Martha Inlet Apt. 323
Ritterberg, AZ 11546",1981-06-03,mhuber@example.com
Carolyn Wallace,Niue,"09664 Porter Throughway Apt. 039
Daltonfurt, VT 92245",1974-11-27,iwilliams@example.com
Jessica Orr,Seychelles,"09673 Lara Mall
Jonesside, MS 28619",1995-05-01,wujesse@example.com
Karen Good,Pakistan,"25698 Brandon Isle
North Briannaside, MD 80958",1998-06-27,lowechristopher@example.org
Martin Graves,Philippines,"525 Joseph Track
Jesseview, FL 45521",1970-11-14,david08@example.org
Melissa Smith,South Georgia and the South Sandwich Islands,"69489 Russell Glen Suite 740
North Jennifer, MA 99881",1967-03-30,christyvilla@example.com
Krista Jackson,Bouvet Island (Bouvetoya),"543 Wilkinson Squares
Melanieport, NY 47983",1977-06-18,joshua42@example.net
Ashley Myers,Barbados,"6038 Ashley Streets Suite 814
Mclaughlinbury, MS 98600",2005-07-01,buckthomas@example.com
John Williams,Western Sahara,"330 David Burg
Lake Samanthahaven, NH 96485",1982-11-13,dtaylor@example.com
Gregory Peterson,Samoa,"5936 Joseph Alley Apt. 918
Emilyberg, CA 22397",1964-11-23,tyler18@example.net
Linda Nguyen,Korea,"216 Henry Locks Suite 355
Robertafort, WY 99758",2004-02-11,cherylwilliams@example.org
Ryan Rice,Costa Rica,"PSC 9637, Box 0171
APO AE 36606",1975-11-29,ischmitt@example.org
Pamela Shepherd,Czech Republic,"4813 Sean Harbors Apt. 049
Waltonfort, MH 54962",1968-07-15,griffintracie@example.com
Kara Powell,Togo,"1007 Santana Heights Apt. 994
Lake Anne, WY 56916",1969-01-13,cheyenne15@example.com
Julie Castaneda,Guernsey,"3676 Walker Track Apt. 843
West Triciaview, MS 31408",1986-10-09,julian62@example.org
Gloria Turner,Armenia,"3009 Rachel Fields Suite 119
Gabrielchester, OR 01516",1980-01-26,jamesrobinson@example.com
Tyler Beck,Argentina,"158 Long Skyway
South Thomas, KY 37450",2003-12-21,ncasey@example.com
Casey Hunter,Botswana,"03878 Dawn Mission
Rebeccaview, TX 94526",1978-10-05,matthewcastro@example.com
Rose Bennett,Mexico,"4015 Munoz Lakes Apt. 817
New Robert, PR 17825",2002-09-19,jallison@example.org
Robin Glover,Ireland,"68486 Munoz Roads
New Nicholas, MS 00573",1991-05-21,reginasullivan@example.com
Zachary Dunn,Cambodia,"4064 Trevino Lock
East Denise, AZ 29665",1972-09-21,mjones@example.org
Mia Lewis,Lao People's Democratic Republic,"0899 Bush Lights Apt. 270
Lake Christine, MT 69504",1960-11-17,agates@example.com
Chad Jones,Afghanistan,"USS Booth
FPO AE 64725",1997-05-10,guerreronicholas@example.net
Isaiah Nguyen,Brunei Darussalam,"813 Holly Island
Elizabethberg, NV 32327",2000-01-10,mitchellhawkins@example.net
Roger Bailey,Equatorial Guinea,"734 Hart Curve
Port Laurahaven, MP 39893",1997-04-01,sarahdennis@example.net
Natasha Chambers,Rwanda,"93633 Megan Trail
Melissabury, OR 37082",1991-03-21,nicholasmiller@example.net
Brandon Abbott,Belarus,"51478 Hatfield Trail
West Diana, KS 25181",2001-01-09,theresacarter@example.net
Jaime Robertson,Sierra Leone,"962 Kent Spurs
South Brandyfurt, AK 33265",1993-03-05,thomasluis@example.com
Robert Ferguson,Bolivia,"1244 Carlos Forks
Romanside, MA 42682",1981-01-20,danielgrant@example.org
Nancy Lozano,Belgium,"3282 Catherine Station
North Bryan, MH 61768",1992-02-02,umanning@example.net
Danielle Russo,Iraq,"PSC 4478, Box 1753
APO AP 81847",1980-05-22,jacob01@example.org
David Holt,United States Minor Outlying Islands,"10565 Farley Manors Suite 038
East Davidtown, NE 86828",1964-01-11,wardjared@example.com
Brian Smith,Tanzania,"4525 Daisy Mall
Port Rachel, FM 49719",1983-09-18,tiffanycoleman@example.com
Brandon Warner,Palestinian Territory,"PSC 6372, Box 6780
APO AP 10285",1966-07-02,heather27@example.org
Abigail Ray,Nigeria,"462 Ashley Alley Suite 679
Lake Nicole, IN 45200",1959-06-03,swood@example.com
Samuel Lee,Qatar,"4628 William Rapid
Carrieburgh, ND 68732",1959-09-13,gbanks@example.org
Tina Weber,Latvia,"987 Walker Green Suite 951
New Casey, IA 69274",1987-08-24,courtney55@example.com
Robert Palmer,Dominica,"4088 Holly Shore
Cooperburgh, MO 71332",1996-03-03,jenna26@example.net
