customfield1,customfield2,customfield3,customfield4,customfield5,customfield6,customfield7
Abbie Ratke,4a96380d-eab2-3ba2-84e3-24075d4f496d,sasha.kling@beahan.biz,Grantmouth,Virginia,Saint Pierre and Miquelon,"Swift, Willms and Gutmann"
Marian Smith,4acae8fe-12c8-325b-bd0a-a85eed6ce313,jacobson.judd@schmitt.com,Timmyfort,Oregon,Libyan Arab Jamahiriya,"Volkman, Borer and Parker"
Ford Padberg,a5064ecf-01ea-3325-9fc8-5b1855d67004,amorar@ankunding.biz,Schillermouth,Pennsylvania,Cote d'Ivoire,Gibson Group
Robbie Klocko,72510247-e252-339a-8281-83bc27585b70,verla30@graham.com,Carrollfort,Idaho,Austria,Herman Group
Lavinia Hoeger,b0923748-b368-3675-89e4-28465068c02d,clint06@doyle.com,Eviestad,Utah,Mongolia,Smith-Hodkiewicz
Alex Jerde,d1076f3d-5ef1-3ea7-bf0b-006feb4eede9,howell60@gmail.com,Lake Fatima,Idaho,Saint Pierre and Miquelon,Bradtke Group
Johnathan O'Reilly,c3bd3c4b-8d64-3fb7-b4a7-f7ecb6f9fc47,amelia35@jaskolski.com,South Wymanfort,New York,Germany,Kautzer Group
Angela Brown,ce551ce9-2360-3bdd-a069-fc12e280c4b1,prohaska.edward@oreilly.net,Kilbackberg,Louisiana,Cook Islands,Yundt and Sons
Giovani Reichert,7e8a7884-f383-35d7-82fd-21171278259b,wchamplin@runolfsdottir.biz,East Ramon,Kentucky,Cyprus,Rogahn PLC
Pierre Lehner,d35b0be5-8747-3886-bea2-d5b694c78c19,medhurst.reese@yahoo.com,South Rudolphburgh,Hawaii,Saint Kitts and Nevis,Hamill Ltd
Ciara Leannon,3fcf50ec-ec62-3fab-924c-36cc017a7793,yost.lupe@hotmail.com,Berniebury,Missouri,Nicaragua,"Bartoletti, Williamson and Weber"
Eleanore Luettgen,ab9f4b71-c074-33ad-bca7-a9012e379274,sipes.janie@gmail.com,Lake Donna,New Mexico,Cambodia,Tromp-Barrows
Glennie Crona,4bdbadd6-7cdd-3b18-9380-6a0d85323ff0,rkeeling@greenfelder.biz,East Graham,Utah,Niger,Lang-Littel
Bruce Towne,034748f0-98ca-33b3-b4b9-f46fa302c7d4,jennings.kovacek@yahoo.com,Schmidtshire,Kentucky,Austria,"Tremblay, Bogan and Deckow"
Ettie Mraz,31ff85ac-3c84-3dc8-bc3b-c4b3aa5340f5,corkery.bonita@gmail.com,New Isaiaston,Maryland,Antigua and Barbuda,Sawayn-McCullough
Bria Schmeler,a677edd0-185c-3d44-8596-3cb658fd85a2,caesar.connelly@gmail.com,West Edisonshire,Vermont,South Africa,"Murazik, Bednar and Adams"
Aletha Prosacco,d2104e6f-3e30-349f-bdb9-5b1ed9e9da8f,rutherford.barton@bauch.info,East Aniyahhaven,Idaho,Liechtenstein,Rolfson and Sons
Dion Jenkins,de442d39-ba64-39e5-83ac-3b51d51c3a23,kristy.gleichner@skiles.com,Langoshside,Illinois,China,"Ullrich, Jast and Bahringer"
Cornell Will,9f2de3ee-0ec1-375c-b36e-bebb798071ff,thea.hane@carroll.com,South Tomasborough,North Dakota,Argentina,"Friesen, Upton and Considine"
Arvilla Thompson,696d0351-ae51-3086-b137-5b70aed1f972,marilou.dickinson@tremblay.com,Krajcikburgh,Connecticut,Portugal,"Nienow, Kertzmann and Hackett"
Madeline Torp,edbf94bd-280e-35dc-9872-374c1e86702e,lkuhlman@dickens.info,Mantefurt,Vermont,Egypt,"Jacobi, Wiza and Rippin"
Madelyn Doyle,08174cae-6dc4-3c60-aa93-6a0d496bffe2,lesch.eugene@stamm.com,Port Lenoraville,District of Columbia,Eritrea,Hammes Inc
Ernie Flatley,542255fc-35b9-3967-959c-d7753848dee0,gottlieb.jermain@yahoo.com,Goldnerside,North Dakota,Belize,Kunze PLC
Jakob Runolfsdottir,ae8c0384-d7e0-3bbe-8480-d95affa8e79c,kgottlieb@schneider.com,Port Aiden,Maine,Sri Lanka,Konopelski Group
Griffin Bergstrom,19d01942-0c38-3131-b6b9-b4ae79ee9936,xavier.shanahan@yahoo.com,Lake Lempistad,Missouri,Eritrea,Jacobi-Ratke
Joannie Quigley,990782f4-4a17-34cb-8b1b-ec9648edebe3,bergstrom.jada@gmail.com,Pagacport,Florida,Anguilla,Zulauf-Kihn
Genevieve Larkin,e7791f83-cc15-355b-b3ca-4188932e6ad3,marguerite07@armstrong.net,South Marvin,North Dakota,Comoros,Stanton-Mayert
Layla Lemke,030cb4ff-4527-337e-8f76-15d6ad342718,oren.schneider@kertzmann.org,Hilpertside,Tennessee,Cape Verde,"Mante, Mitchell and Rutherford"
Kattie Dickinson,ceaa5ef4-9a60-3b31-8f4c-b5d3295d10ac,hwalker@mills.com,Abbieshire,Montana,Vanuatu,"Hintz, Moore and Braun"
Estelle Kautzer,4376bbd5-9332-3310-9002-b1eba6df616f,armstrong.genoveva@howell.net,West Blake,Nevada,Iceland,Kuphal-Reichel
Nathanial Gerlach,7d7ceb2b-5c92-3102-8d11-ac0e97f23179,rutherford.maxie@yahoo.com,Juniorshire,West Virginia,Central African Republic,McClure-Eichmann
Muriel Rolfson,ee09dcfb-43ee-36ac-9fe3-e00d72ac4a81,dooley.clifton@schuster.net,Dorianfurt,Alabama,Tanzania,McDermott-Walsh
Colin Von,2ba58b16-4f9e-3bb4-b517-d4769023ef12,fcasper@yahoo.com,Louieview,Washington,Brazil,Price Inc
Layne Halvorson,7ff34cf9-7131-3ecc-8b4d-089fa929e26e,greinger@gmail.com,New Lottie,South Carolina,Greenland,"Rice, Doyle and Stoltenberg"
Violet Hagenes,70af6651-3474-379e-a553-7429d29c13a6,bauch.chet@homenick.com,Joaquinmouth,Hawaii,Liechtenstein,Roberts-Reynolds
Dixie Bernhard,7acd760f-986f-3b32-a160-2c09cf30cc17,olarson@eichmann.com,North Eldora,Minnesota,Denmark,Waters Inc
Lisa Kilback,8445f879-599c-33fa-ab51-14d0a2107828,braulio56@paucek.com,East Westleyview,Alabama,Rwanda,"Durgan, Turner and Padberg"
Kaitlin Sanford,181b0956-8bd0-30d3-b59e-b6733ea58dfb,nienow.amy@gaylord.com,Zakaryport,Texas,Mozambique,"Kozey, Koss and Luettgen"
Junior Nikolaus,30575540-6622-3060-9782-64aaa61e91a9,amanda.prosacco@hotmail.com,Griffinfort,Montana,Guyana,Hessel Group
Modesto Legros,4a6dda38-c93e-37ab-be22-4f90452e0ae3,wyman.jacques@yahoo.com,North Carmelo,Ohio,Greece,Deckow-Beer
Ludie Rutherford,0948a1c4-d600-3143-8693-fd190a4c8fc5,deron67@yahoo.com,East Demetriusshire,Arkansas,Sao Tome and Principe,Zboncak-Tremblay
Edyth Gleason,925ca659-d438-3d8f-afeb-844da23786d0,hill.isabella@yahoo.com,Rolfsonchester,Arizona,Bermuda,Tromp Ltd
Lisa Stroman,7225599d-d47d-3281-95a0-e8273aed8b9b,rosie45@wilkinson.com,South Chynafurt,Iowa,Zimbabwe,O'Reilly-Zulauf
Kendall McLaughlin,49f1302d-45b6-37fa-9242-b18da202380c,mann.lennie@hotmail.com,South Cesarshire,New Mexico,Honduras,"McLaughlin, Kihn and Rutherford"
Edwardo Barrows,229611e3-ca17-380d-8182-9f8be6704a61,gutmann.patricia@walker.com,Lake Murphy,Kansas,Egypt,Shanahan-Legros
Ethelyn D'Amore,9f64efd5-e224-3619-8af1-029e842f8fa7,faye64@hickle.info,Davisport,South Dakota,Brazil,Brekke-Hauck
Wilma Borer,fd4dac4f-77dd-35b0-87af-71ce1b73fcbf,bernier.stacy@yahoo.com,Julianshire,New Hampshire,Kenya,Bailey-Jast
Edmund Hintz,27ec5aec-44f6-3060-bbd9-eda96293fe6d,williamson.rodolfo@gmail.com,North Verner,North Dakota,Guyana,"Rohan, Paucek and Kohler"
Wilburn Roberts,9a92b8fd-db16-35ec-adf0-78d417c4a5e7,schmitt.jacinto@lowe.com,New Westonfort,New Jersey,Antarctica (the territory South of 60 deg S),Von Inc
Nedra Koepp,a5d1684a-8e75-3305-b77c-f5c8b1751211,lemuel.hintz@yahoo.com,New Gussie,North Dakota,Kuwait,"Cronin, Price and Gleason"
Lorna Torp,650c7eeb-0509-3dc0-8f0e-bede9af7f600,tfranecki@langworth.com,Rennerstad,Nevada,Saint Helena,Connelly Ltd
Brice Streich,58d6ea99-57e0-3504-8f07-f619fd9da3f2,blake01@king.org,Greenholtberg,Minnesota,Marshall Islands,Wisoky-Nader
Gerald Wilderman,540b5b44-2feb-3c1b-a41b-13411f9d020d,moses.robel@gmail.com,Lake Eltafort,Florida,Italy,Ledner and Sons
Domenick Huel,f8a53c46-b2e9-3b5f-a766-5cd4dc05e093,white.aleen@bauch.net,Danielaberg,Massachusetts,Senegal,Funk-Fritsch
Savion Vandervort,fef30e34-8a4a-3ddc-99e8-727a2a00b32f,mherman@romaguera.com,South Ernestinehaven,Texas,Chile,Ledner and Sons
Keira Harber,b5a08a6d-bd11-3c62-b9db-8c6966b3795c,ybode@yahoo.com,South Anika,Wisconsin,Croatia,"Sawayn, Ratke and McLaughlin"
Annalise Howe,92af70f6-6df6-3d65-a243-ec70f34de2d2,chowe@hotmail.com,Lake Norwood,Delaware,New Zealand,"Keebler, Rohan and Dicki"
Colt Yost,b83bcc1a-28ed-3561-a100-2875e3686aa6,rhianna.nolan@schaden.net,New Joannyview,New Hampshire,Germany,"Johns, Kunde and Spencer"
Erich Stracke,cf55d5e1-3958-3d05-bdf7-8118945a6c1c,monahan.fannie@sauer.com,East Aaronbury,Minnesota,Comoros,Stiedemann-Ziemann
Kelton Spencer,b943cf23-fd05-349a-a0c0-fb882d69d242,kale.nikolaus@harris.info,East Ashleigh,Hawaii,Czech Republic,"Durgan, Mitchell and Feil"
Letitia Fisher,a815a95d-8993-3b26-8beb-5396a1cacd96,ferdman@ohara.com,New Rubyeborough,New Mexico,Myanmar,Boehm and Sons
Eulah Stamm,5ab5623f-540b-37a0-972e-6316c3f1b89b,legros.quinton@conn.com,Kayceebury,Kansas,Papua New Guinea,Moore Group
Vicente Eichmann,ec10891a-302c-318a-aa0f-bf791c3102bf,rau.federico@yahoo.com,South Keshawn,Vermont,Andorra,"Barrows, Hills and Shanahan"
Aniya D'Amore,644de399-7c4d-3b3d-a07e-def7f77ac4e8,koch.madisen@carter.com,Altenwerthview,Illinois,Macao,"Casper, Champlin and Reichert"
Durward Schroeder,442db95b-dcf8-3824-a30f-e9b6f933649b,reichel.al@hotmail.com,Lake Hannahchester,Montana,Georgia,Kirlin-Beahan
Liliane Senger,6e2873e0-4f48-347a-a3cf-f75d94584a1a,quentin.windler@gmail.com,Ismaelton,District of Columbia,Bermuda,Goldner-Batz
Korbin Brakus,b8ca130c-2168-3ef2-945e-b9be36d318c7,block.moriah@gmail.com,Cronaport,Alabama,Madagascar,Ankunding LLC
Domingo Hane,a6521269-b7ee-3e07-b59b-25eb2f3103bf,russel.felicity@rohan.com,North Brian,South Carolina,Somalia,"Pfeffer, Lang and Bartell"
Alysa Smitham,1b782a5a-ff87-316d-b18e-41273f3f8299,bailee.lang@smith.com,Hermanberg,Kentucky,Northern Mariana Islands,Bechtelar-Cole
Janice Will,98d68fcb-6b75-3997-88bd-fe0b4751d47f,cordie89@hotmail.com,South Dwight,Alaska,South Georgia and the South Sandwich Islands,Roberts PLC
Emile Reichert,aa6b918f-dbb7-3ba1-ade8-381a566ea112,nharvey@mann.com,South Amyaton,Minnesota,Tokelau,"Von, Koelpin and Wisozk"
Graham Sipes,a51e0b51-f1db-37e9-81aa-c05129595386,armstrong.einar@yahoo.com,West Presley,Delaware,Guam,"Wisoky, Renner and Windler"
Courtney Wisozk,05ea7394-41fc-3555-bf05-8369fc86d7af,frieda29@gmail.com,East Ayanaview,Montana,Chad,"Kub, Monahan and Rippin"
June Zulauf,c447678b-9017-3306-bae0-2c521d7e8dc2,emma.thiel@bechtelar.net,Johannafurt,West Virginia,Myanmar,Leuschke-Leffler
Mckayla Waters,ebb29b8a-7b51-30ae-9cb8-43de67e08a36,dietrich.shyann@yahoo.com,Port Clarkside,Minnesota,Chile,"Howe, Sipes and Murazik"
Hettie Lubowitz,cef6e9b4-9a8c-3a2d-bd7c-cda66552222c,xkovacek@yahoo.com,Port Magnoliaview,Idaho,Burundi,Runte-Bradtke
Percival Waters,087596da-0791-337e-bcfd-d9fb53270858,kory96@yahoo.com,Casperhaven,Maine,Barbados,Rice PLC
Lincoln Wolff,d243e7a1-b14e-33b8-9eb5-0683ce214e9c,pernser@murazik.com,New Chelsie,Ohio,China,"Bayer, Braun and Dietrich"
Manuela Connelly,9fd50016-9f7e-3f97-8c79-7bcdf435eb39,kevin55@klein.info,Port Arlene,Virginia,Libyan Arab Jamahiriya,Farrell-Bechtelar
Flo Brown,86983afb-3c64-3c16-919d-de252faa1eb1,dora.braun@mraz.biz,Doyleburgh,Georgia,Tuvalu,Kuvalis Inc
Carolyn Wilderman,5fe7f16d-8f5d-3091-bac3-9fe71ff75409,samanta.gutkowski@schmidt.com,East Lillianland,Kansas,Bouvet Island (Bouvetoya),Rohan Group
Carter Macejkovic,3fc49dc1-4a98-3c86-9fca-f7fb4cbe5993,wendell.torphy@hotmail.com,Ovaland,New York,Andorra,"Maggio, Marvin and Nitzsche"
Carlotta Morar,69bfdb24-7e7a-320d-b0ef-8432e0918568,aliyah.hills@yahoo.com,Lake Vivienne,Delaware,Niue,McKenzie-Terry
Keira Romaguera,8aab0b5d-bd27-339c-bdcf-e57d2afacdf6,leffler.donna@conroy.net,West Georgianna,New Mexico,Israel,"Casper, Nader and Wehner"
Flossie Heaney,46b71efe-19e3-3134-b743-578fae301423,ksauer@hotmail.com,Lake Dudleyhaven,Kansas,Solomon Islands,Lesch PLC
Elian Toy,8efa0583-1ebd-38e5-9ca4-d9b453b0d429,emely14@roberts.biz,South Eunicebury,Idaho,Jordan,Hauck LLC
Werner Schamberger,5869578d-a340-3997-af19-47e982a0146a,rparker@mayer.biz,South Janellestad,Connecticut,Romania,Miller LLC
Laila Beatty,a6b310fd-de72-3b23-abea-a757db7351f0,vada86@yahoo.com,North Elenoramouth,Louisiana,Ethiopia,Romaguera Ltd
Alaina Kiehn,8bc8eb1c-7cdf-34cf-93b0-984bc45ff47e,daugherty.elmo@vandervort.com,Lexitown,Utah,Western Sahara,Mueller-Botsford
Brenna Wolff,2f191254-db7e-3933-bcbd-1c8c2159eb31,martina69@jaskolski.com,Kubtown,California,Luxembourg,"Labadie, Russel and Breitenberg"
Alessandro Labadie,881dce51-d9a7-3e56-a9e4-be05092e6dbe,brannon.stehr@kirlin.com,New Kayli,Hawaii,Niue,"Heaney, Lynch and Gerlach"
Randall Rice,491bece0-62d6-3419-a59d-63dc10bcf254,pamela.pfannerstill@yahoo.com,Lake Davin,Oregon,Burundi,Kuhn and Sons
Odessa Hamill,40d7bd5d-5eef-34e5-8ad8-dc66b4acc8f0,sweimann@hotmail.com,South Chasity,Illinois,Luxembourg,Hagenes PLC
Allan Jaskolski,b399c3ae-9273-3658-99d6-026b13d1d04e,kgusikowski@kautzer.com,South Felicityfurt,Texas,Liechtenstein,Okuneva-Schimmel
Trudie Mertz,dcd7b64f-4729-3329-a490-44994d4b0179,jaren06@torphy.com,Lake Lueland,Nebraska,Norway,Hoppe-Renner
Presley Wilderman,8d66538c-5d76-3b43-aa83-604415321233,mona21@gmail.com,West Nicholemouth,Tennessee,Gabon,Pollich Inc
Jaron Rodriguez,e53d1b83-4156-35a6-bfef-88659b0bf529,kutch.abbigail@yahoo.com,South Aurelie,Tennessee,Nepal,Marvin Ltd
Jordyn O'Connell,db9d49ed-eec4-358d-9b11-9d51f6366145,gtrantow@hotmail.com,Port Lina,West Virginia,Hungary,Willms-Schaefer
Reginald Watsica,8b251971-720e-333d-9244-43893b004731,harris.monique@glover.net,Aufderharport,Oklahoma,Kenya,Corwin-Torphy
Angelina Hayes,e0c93808-a2e1-3a29-995e-dcf88ee0b1fb,laurence.kertzmann@stamm.com,Kathleenborough,Georgia,Venezuela,Roberts PLC
