Emp ID,Emp Name,Department,Email,Address 
01HHVTJ5C7D0ZE2V5QT38SFE39,Ignazio Wildish,Research and Development,iwildish0@tripadvisor.com,2nd Floor
01HHVTJ5C858VYYM4FK0HPZ5QY,Rutger Killelay,Human Resources,rkillelay1@mysql.com,Suite 19
01HHVTJ5C9ZQ31KRT74SPXF30R,Vidovik Laxtonne,Accounting,vlaxtonne2@photobucket.com,Apt 26
01HHVTJ5C9R98B6SSWAJZBGNE0,Costanza Vondrasek,Product Management,cvondrasek3@patch.com,Room 913
01HHVTJ5CAZ4PWHHDXFBY62P94,Delbert Wellings,Research and Development,dwellings4@arstechnica.com,Suite 18
01HHVTJ5CAH8GC8AM8DF7PAR54,Malchy Goshawk,Human Resources,mgoshawk5@soundcloud.com,Room 1337
01HHVTJ5CBJAD9E8FVAKT3KVPD,Jarrid Capener,Legal,jcapener6@163.com,Suite 97
01HHVTJ5CB6ZV52AMQQ49HF05X,Patrica Whopples,Product Management,pwhopples7@uiuc.edu,7th Floor
01HHVTJ5CC348EXVFYEFNNQJP8,Arleyne Kitlee,Business Development,akitlee8@discuz.net,9th Floor
01HHVTJ5CDJWD043W5M3R4MN09,Orazio Pilger,Sales,opilger9@mapquest.com,PO Box 18703
01HHVTJ5CDNR7V3DKW34R0FQF5,Anette Calvard,Product Management,acalvarda@amazon.co.jp,9th Floor
01HHVTJ5CETTWAZ739QDTEY3RW,Allin Lowton,Legal,alowtonb@4shared.com,PO Box 98543
01HHVTJ5CE8JTYFD6HA21D4NSX,Hubert McKune,Marketing,hmckunec@prlog.org,2nd Floor
01HHVTJ5CF7PWRQJ40EQNKE8AY,Janelle Plues,Business Development,jpluesd@oakley.com,18th Floor
01HHVTJ5CGDZZRD64BVXY67EXD,Glyn Alker,Business Development,galkere@hostgator.com,Apt 1498
01HHVTJ5CGBZP03YZWDG2BFN93,Cherey Fant,Marketing,cfantf@booking.com,PO Box 5244
01HHVTJ5CHCBKY651BQ07GW4CS,Min Stanlike,Support,mstanlikeg@princeton.edu,Room 1867
01HHVTJ5CH997A272P0E87BDD2,Lennie Sinnatt,Accounting,lsinnatth@npr.org,Suite 22
01HHVTJ5CJ10H0K4G6RZQPB1NE,Caroljean Garrioch,Human Resources,cgarriochi@privacy.gov.au,Apt 1210
01HHVTJ5CJNV8DAJ645D0B07FA,Alia Dismore,Business Development,adismorej@oaic.gov.au,Suite 77
01HHVTJ5CKKWTGHBNKF46GSSYV,Pincus Lavrick,Training,plavrickk@unblog.fr,PO Box 50352
01HHVTJ5CK5YZYE9X6KTP14VQ1,Riley Bather,Legal,rbatherl@virginia.edu,Apt 239
01HHVTJ5CMTCZ6JJKH0MMN3CP0,Bard McGeagh,Legal,bmcgeaghm@com.com,Suite 77
01HHVTJ5CNR407BW18S9Z1TGT3,Ira Pagon,Services,ipagonn@liveinternet.ru,Apt 1357
01HHVTJ5CNTVZ3KTCDCDGYWNGP,Ernestine Aleshkov,Legal,ealeshkovo@hp.com,Room 693
01HHVTJ5CP6RGN4NTD34RCCGQM,Gretal Andriveau,Research and Development,gandriveaup@joomla.org,PO Box 40644
01HHVTJ5CPY16DCQ7DA6RCEM6C,Trey Decaze,Product Management,tdecazeq@g.co,Apt 1767
01HHVTJ5CQSK3PE1HZB7F81MAW,Christalle Saxon,Support,csaxonr@sciencedaily.com,Suite 99
01HHVTJ5CRN3ACZG828VG4XTWA,Lynnelle Oret,Marketing,lorets@indiegogo.com,Suite 8
01HHVTJ5CREJFQ59K709QF1P7R,Rafferty Ahren,Business Development,rahrent@bbc.co.uk,Room 879
01HHVTJ5CSSPQKDW73BT28ENXK,Chick Wibberley,Product Management,cwibberleyu@wufoo.com,Suite 53
01HHVTJ5CSGN5SDZ9ZWDSAYPHE,Darlleen Bartolomeu,Support,dbartolomeuv@vinaora.com,11th Floor
01HHVTJ5CTBYS6RRNFH3NPFG4V,Bondie Symers,Services,bsymersw@networkadvertising.org,Room 763
01HHVTJ5CTSZJ5DCMT98DSFG85,Maia Inchboard,Services,minchboardx@bizjournals.com,PO Box 31738
01HHVTJ5CVY7FFEJDNY0WMR74N,Sharona Kitchingham,Product Management,skitchinghamy@xrea.com,Apt 1380
01HHVTJ5CV9GAJSRKJ3QYHQ465,Lynelle Stickens,Engineering,lstickensz@gmpg.org,Suite 88
01HHVTJ5CWXH2FNEDWXJHC64S8,Alick Emmanueli,Business Development,aemmanueli10@printfriendly.com,Apt 341
01HHVTJ5CX23DV6Z50CTFFDSJZ,Adorne Vaudrey,Accounting,avaudrey11@admin.ch,Apt 1045
01HHVTJ5CX7YJMBKQ6WK5N5FRJ,Lara Spottswood,Accounting,lspottswood12@mapy.cz,Suite 94
01HHVTJ5CY1MWPWFYBPPFS1EGG,Johan Ruddlesden,Business Development,jruddlesden13@hud.gov,4th Floor
01HHVTJ5CYS3JTX559R6KDWD7R,Agnella Hinks,Human Resources,ahinks14@livejournal.com,12th Floor
01HHVTJ5CZKJKRPD13V2YA5SSW,Astrid Rubel,Sales,arubel15@quantcast.com,Suite 95
01HHVTJ5CZKM72HT1BJF34H83C,Catha Mc Gorley,Marketing,cmc16@exblog.jp,PO Box 32847
01HHVTJ5D03S399RBD2GAATJZR,Mattias Pauer,Legal,mpauer17@xing.com,PO Box 22592
01HHVTJ5D0SX6SSM8NQ5TXXSSM,Trixy Olyff,Training,tolyff18@posterous.com,Apt 499
01HHVTJ5D10C247B86VKD906YK,Lucinda Kells,Product Management,lkells19@foxnews.com,Room 240
01HHVTJ5D1MQ87Y07YFAZ056CG,Dex Lie,Legal,dlie1a@moonfruit.com,Suite 12
01HHVTJ5D2R273PNQ20F8CAJHM,Monah Pamment,Services,mpamment1b@blog.com,Apt 916
01HHVTJ5D2HH0VYTJA6RCA2G16,Charles Doudny,Business Development,cdoudny1c@lycos.com,PO Box 95296
01HHVTJ5D2H5G7R7DVJTSGKPW1,Susannah Hanratty,Engineering,shanratty1d@friendfeed.com,Suite 23
